{
  "trained_at": "2026-07-11T10:35:11.454542+00:00",
  "cv_metrics": {
    "mean_r2": -0.11621081664750535,
    "mean_mape": 0.033733034146292626,
    "fold_r2": [
      0.1820850410018814,
      0.04129004713866802,
      -0.7160324989490374,
      0.088287908056781,
      -0.1766845804858197
    ],
    "fold_mape": [
      0.048896727305229294,
      0.019483213191042695,
      0.028161354044257243,
      0.027229656214275606,
      0.0448942199766583
    ]
  },
  "best_params": {
    "lambdas": {
      "spend_meta": 0.26640084297115385,
      "spend_google": 0.07032351601720624,
      "spend_influencer": 0.32616905601210067,
      "spend_email_sms": 0.23127593114064415,
      "spend_affiliate": 0.34031467191446835,
      "spend_tv_ooh": 0.18347642037462175
    },
    "k": {
      "spend_meta": 124802.67601577885,
      "spend_google": 139727.70689753315,
      "spend_influencer": 158026.30768543598,
      "spend_email_sms": 12750.136230216518,
      "spend_affiliate": 103288.52893370995,
      "spend_tv_ooh": 179447.83096899596
    },
    "s": {
      "spend_meta": 1.523792749129471,
      "spend_google": 2.2539046808645375,
      "spend_influencer": 1.7763076691561301,
      "spend_email_sms": 1.6907667863389841,
      "spend_affiliate": 2.067811265444746,
      "spend_tv_ooh": 2.5437210816878517
    },
    "alpha": 0.001966044792899801,
    "l1_ratio": 0.42909887146925685
  }
}